{"war": [0.3654400110244751, -0.15746000409126282, -0.23965999484062195, -1.0306999683380127, -0.07069099694490433, 0.21397000551223755, -0.04191400110721588, 0.2845099866390228, -0.6080300211906433, -1.1450999975204468, -0.32877999544143677, -0.2047400027513504, -0.8188400268554688, -0.5099400281906128, 0.6418899893760681, -0.5416399836540222, 0.0191430002450943, 0.1877799928188324, -0.6669099926948547, 0.9369099736213684, 0.034690000116825104, -0.04456999897956848, -0.014529000036418438, -0.7687100172042847, -0.2077299952507019, -2.5510001182556152, -0.9628400206565857, -0.6112599968910217, 1.2182999849319458, 1.124899983406067, 3.0499000549316406, -0.3881700038909912, -1.0090999603271484, -0.471560001373291, -0.5673499703407288, 0.5306699872016907, -0.6174499988555908, -0.615809977054596, -1.1875, -0.2117599993944168, -0.5048699975013733, -0.24842000007629395, 0.5385100245475769, -0.9808300137519836, 0.08977100253105164, 0.2467299997806549, -0.33965998888015747, 0.011440999805927277, -1.4996999502182007, -0.39906999468803406], "children": [0.5388799905776978, 0.5051400065422058, -0.045315999537706375, -1.3605999946594238, 0.6784999966621399, 1.4192999601364136, -0.8518000245094299, -0.6691200137138367, 0.4573200047016144, -0.158270001411438, -0.03762400150299072, -0.20835000276565552, 0.5452399849891663, -0.64055997133255, 1.226699948310852, -0.26497000455856323, -0.4565599858760834, 0.27900999784469604, 0.3855000138282776, 0.14437000453472137, 0.0026342999190092087, 1.708400011062622, 0.5670199990272522, 0.607509970664978, 0.4317300021648407, -1.1764999628067017, -0.4522300064563751, -0.9872499704360962, 0.19463999569416046, -0.6446700096130371, 3.1015000343322754, 1.0880999565124512, -0.17687000334262848, -0.8110399842262268, 0.2828899919986725, 0.6591500043869019, 0.38012000918388367, -0.271230012178421, 0.6248999834060669, -0.05401900038123131, -0.6409000158309937, 0.10671000182628632, 0.7934799790382385, 0.10988999903202057, 0.6673499941825867, -0.06526300311088562, -0.639519989490509, -1.2489999532699585, -0.03449799865484238, 0.18429000675678253], "western": [-0.15839000046253204, 0.14365999400615692, -0.6525999903678894, 0.10740000009536743, -0.5954499840736389, -0.06939300149679184, -0.4491499960422516, -0.08579699695110321, -0.2526400089263916, -0.5304399728775024, 0.05019000172615051, -0.7517600059509277, 0.44084998965263367, -0.396230012178421, -0.8603399991989136, 0.5410699844360352, 0.6662099957466125, 0.10129000246524811, -0.6062999963760376, 0.6935499906539917, -0.14329999685287476, -0.028931999579072, -0.08624500036239624, 0.6709200143814087, -0.19444000720977783, -2.0685999393463135, -0.4453200101852417, 0.12901000678539276, -0.2819800078868866, -0.07959599792957306, 3.2465999126434326, -0.27149999141693115, 0.16912999749183655, -0.520799994468689, 0.22517000138759613, -0.2083200067281723, -1.1734999418258667, -0.38989999890327454, -0.8432499766349792, 0.287990003824234, -0.49063000082969666, 0.47968998551368713, 0.9397100210189819, -0.7683799862861633, -0.08275700360536575, 1.0191999673843384, -0.3358300030231476, 0.1381700038909912, -0.39739999175071716, -1.0008000135421753], "action": [0.24196000397205353, -0.7438700199127197, -0.5143600106239319, -0.08969900012016296, -0.2682499885559082, 0.45664000511169434, 0.7255499958992004, -0.218189999461174, 0.04282600060105324, 0.18942999839782715, -0.3205699920654297, 0.057117998600006104, -0.5967400074005127, 0.227510005235672, 0.1294499933719635, -0.2962299883365631, 0.6495000123977661, -0.22104999423027039, -0.5770800113677979, -0.4543600082397461, 0.2563599944114685, 0.09927500039339066, -0.11760000139474869, -0.1633799970149994, -0.2352599948644638, -1.8493000268936157, -0.10322000086307526, -0.3519800007343292, 0.0024534999392926693, 0.033222999423742294, 3.351300001144409, 0.15836000442504883, -1.0583000183105469, -0.7256500124931335, -0.5734500288963318, -0.05745299905538559, 0.47995999455451965, -0.9935799837112427, -0.8007400035858154, -0.6281800270080566, -0.22643999755382538, 0.14946000277996063, -0.032742999494075775, -0.33739998936653137, 0.20040999352931976, -0.0023765999358147383, 0.012109000235795975, 0.554610013961792, 0.15185000002384186, 0.702180027961731], "crime": [0.3249399960041046, -0.6827300190925598, -0.4760400056838989, -0.2705399990081787, 0.5458300113677979, 0.5150499939918518, 0.645579993724823, -0.8854299783706665, 0.3711099922657013, 0.0645660012960434, -0.634880006313324, 0.02666199952363968, -0.9751799702644348, -0.017138000577688217, 1.1090999841690063, -1.152400016784668, 0.13433000445365906, -0.16357000172138214, 0.03991499915719032, 0.25766000151634216, 0.3697499930858612, -0.06675100326538086, -0.021316999569535255, 0.8083199858665466, -0.9503800272941589, -2.1949000358581543, -0.7063800096511841, -0.10234999656677246, 0.5200499892234802, -0.1193699985742569, 2.3622000217437744, -0.11666999757289886, 0.08131399750709534, -1.948099970817566, -0.4176099896430969, 0.4467799961566925, -0.6360300183296204, -1.0780999660491943, -0.2544899880886078, -0.2842099964618683, -1.1298999786376953, 0.776639997959137, 0.8795400261878967, -0.0614130012691021, 0.1787099987268448, -0.3929100036621094, -0.06445299834012985, 0.0013368000509217381, 1.058500051498413, 0.3444100022315979], "musical": [-0.32027000188827515, 0.9460099935531616, -1.8085999488830566, -0.32760000228881836, -0.10834000259637833, 0.837440013885498, -0.46740999817848206, -0.4188700020313263, -0.5640400052070618, 1.57669997215271, 0.1599300056695938, 0.7036600112915039, -0.2575800120830536, 0.9536399841308594, 0.12021999806165695, -0.7317500114440918, 0.4685699939727783, 0.22818000614643097, -0.28112998604774475, -0.394320011138916, 0.9363200068473816, 0.8771799802780151, -0.2570599913597107, 0.1342500001192093, 0.3725300133228302, -0.1244800016283989, -1.9204000234603882, -0.37692001461982727, -0.08173000067472458, -0.45419999957084656, 2.9477999210357666, -0.3543500006198883, 0.5167999863624573, -0.6644999980926514, 0.162090003490448, 0.5059199929237366, 0.028232000768184662, -0.02082500047981739, -0.6055899858474731, 0.005206000059843063, -0.12417999655008316, 0.2767699956893921, -0.7060700058937073, -0.858299970626831, -0.494269996881485, 0.12529000639915466, 0.49897998571395874, -0.6643900275230408, -1.1129000186920166, 0.60794997215271], "drama": [-0.25725001096725464, 0.8661100268363953, -1.2086000442504883, -0.06573999673128128, -0.09248899668455124, 0.5993899703025818, 0.27601000666618347, -0.1689399927854538, -0.4534200131893158, 0.6149799823760986, -0.598609983921051, 0.16022999584674835, -0.6236299872398376, 1.291700005531311, 0.6809800267219543, -0.8842300176620483, 0.05736599862575531, 0.9665200114250183, -1.1159000396728516, 0.7064700126647949, 1.1684000492095947, 1.2553000450134277, 0.21854999661445618, 0.6850200295448303, 0.32012999057769775, -1.1342999935150146, -1.3072999715805054, -0.02127699926495552, -0.23127999901771545, 0.005837299861013889, 2.291599988937378, 0.04111900180578232, 0.45427998900413513, -0.962149977684021, -0.2021999955177307, 0.8882200121879578, -0.21207000315189362, -0.5354800224304199, -0.37064000964164734, -0.8618299961090088, -0.20463000237941742, 0.5648300051689148, -0.3982599973678589, -0.7885599732398987, -0.783519983291626, 0.06804899871349335, 0.8059499859809875, -0.3453100025653839, -0.29989999532699585, 0.6619300246238708],