{"_step":7,"acc":0.8928134994224631,"loss":0.08179153962307734,"_timestamp":1.7308639546137352e+09,"_runtime":0.7887162,"_wandb":{"runtime":0}}